Métrica,Valor
RMSE,4.222953153106642
MAE,2.40159901599016
R²,0.9825900288293961
MSE,17.833333333333332
