Métrica,Valor
RMSE,3.99761173311015
MAE,2.303758471965496
R²,0.984382164535649
MSE,15.980899568699938
